"1","1","palace duke place fire cambridge"
"1","2","helped question landscape become wave"
"1","3","nation reclaim cuts last mission"
"1","4","end pundit keep millions saw"
"1","6","united disappointing results mind opponents"
"1","7","spare field westminster sea unionist"
"1","8","parliamentary snp union country conservatives"
"1","9","charlottes tower believed gun second"
"2","4","pulls physics sight inside approaching"
"2","5","rotate yet exactly reach ring"
"2","6","bigger relativity says university take"
"2","7","ripped see straight shadow incinerates"
"2","9","results nationalist safe seats keep"
"2","10","nation labour pundit resignation wave"
"3","4","holes black stronger john appear"
"3","5","bright smithereens possible black take"
"3","6","holes hole library ozel holes"
"3","8","hole spaghettification black infinite according"
"3","9","mission simultaneous simultaneous impossible landscape"
"4","4","credit physicists side says something"
"4","5","drain smithereens called hole go"
"4","6","holes image degrees several also"
"4","7","says view go directly helped"
"4","8","hole credit forever really every"
"4","9","slender different treatment coming parties"
"4","10","correspondents fall taxis miliband london"
"5","5","circling hole gas massive instruments"
"5","6","becomes see physicists observations actually"
"5","7","black unlike sun black john"
"5","8","galactic black called astronomer light"
"5","10","want left ahead resentment prevent"
"6","6","black outflows approach bright black"
"6","8","cross physicists spiralling shadow image"
"6","9","enough never challenge commons scotland"
"6","10","suffered though fit prime horizon"
"7","7","galactic drain resolving test light"
"7","8","think horizon hot go mechanics"
"7","9","people enough battles one united"
"7","10","challenges certainly keep supports want"
"8","8","tidal wormholes chance able stars"
"8","9","dominates labour certainly question union"
"8","10","fit nationalist took scene mantle"
"9","9","parents hyde royal princess new"
"9","10","prince follows st time salutes"
